{
  "providers": {
    "awscloudformation": {
      "AuthRoleName": "amplify-tutorscheduling-dev-191001-authRole",
      "UnauthRoleArn": "arn:aws:iam::658631780016:role/amplify-tutorscheduling-dev-191001-unauthRole",
      "AuthRoleArn": "arn:aws:iam::658631780016:role/amplify-tutorscheduling-dev-191001-authRole",
      "Region": "us-west-2",
      "DeploymentBucketName": "amplify-tutorscheduling-dev-191001-deployment",
      "UnauthRoleName": "amplify-tutorscheduling-dev-191001-unauthRole",
      "StackName": "amplify-tutorscheduling-dev-191001",
      "StackId": "arn:aws:cloudformation:us-west-2:658631780016:stack/amplify-tutorscheduling-dev-191001/e07ec180-2351-11ed-9a31-0a81d334c1c7",
      "AmplifyAppId": "d3np77odjdgfsy"
    }
  },
  "function": {
    "Practice": {
      "build": true,
      "providerPlugin": "awscloudformation",
      "service": "Lambda",
      "lastBuildTimeStamp": "2022-10-10T03:53:59.076Z",
      "lastBuildType": "PROD",
      "lastPackageTimeStamp": "2022-10-10T03:54:03.191Z",
      "distZipFilename": "Practice-57306e4d3962466f474c-build.zip",
      "s3Bucket": {
        "deploymentBucketName": "amplify-tutorscheduling-dev-191001-deployment",
        "s3Key": "amplify-builds/Practice-57306e4d3962466f474c-build.zip"
      },
      "providerMetadata": {
        "s3TemplateURL": "https://s3.amazonaws.com/amplify-tutorscheduling-dev-191001-deployment/amplify-cfn-templates/function/Practice-cloudformation-template.json",
        "logicalId": "functionPractice"
      },
      "lastPushTimeStamp": "2022-10-10T03:55:15.089Z",
      "output": {
        "Region": "us-west-2",
        "Arn": "arn:aws:lambda:us-west-2:658631780016:function:Practice-dev",
        "Name": "Practice-dev",
        "LambdaExecutionRole": "tutorschedulingLambdaRole36dad00d-dev"
      },
      "lastPushDirHash": "ufGe9S0LHK4EKs1j23D6CEm6jb4="
    }
  }
}